"QgRf5XAak";"965j";"ER";"Dqi5icrWd2";"";"tFugRP";"kL";"sN";"J2R14"
"lmOEv1b51";"NXMEGaut";"Rn";"";"ZdWcaw";"Y";"M MRum";"ooQZ6hUnHM";"qJFY"
"mL79CA";"xoNNau7";"7kqu0S";"IHLx";"EYDg";"87";"9btccmDgN";"";"uSwfVpQw"
"kxnSAb`FQ";"31vgPhQs";"3P5eVvl7";"ZuJ";"";"HakgEXI8L6";"";"vuvaL";"2"
"CjD5eob";"NAmUMuTPFE";"B`adNYR5";"66";"QB";"9g";"auU";"";"LJInQUCL5"
"3R96J";"g6AW";"EBNbUeI";"sMbj6jCV";"f81x";"c";"F35iMnY";"WlibQvf";"2qsN2y9po8"
"3Xm";"eBc";"DC";"WfpDU8geNp";"8dEsj23PF";"w";"gBHVH85g";"";"U6dMOF"
"G2NdMPW0DY";"7";"eHgEa16";"8fDg2rB8";"3d2I";"F8BcTc";"iINme";"";"Q3j"
"sB";"wydO9XEC";"";"7DjmqJ";"6y65HCvql";"3aDrKU";"FGls9NSXSu";"go";"WU9KCiu"
"VCAaDZ";"8g`uFFI";"513JVQ9Wjw";"iTfU9Iyt7";"j7Qfrb4c";"4b9jB0Ru";"ccaAiotvsp";"xA97xhsujO";"K"
"h";"1vbCOZvmdE";"BS9ubPb";"IgkEciJ";"P7kCL";"E";"C0uju9";"vy3";"o"
"I";"0JCD";"Ffgnfe1stJ";"kpHyB`";"6";"e`A7";"wepvM";"OB4oMl`";"kk"
"fxY7lNb VF";"SZc3";"";"Cy`";"skA2";"mJjToWX";"DfU2gHJ";"9";"8"
"UQKIfgQ";"U`GCnJCT8j";"BF7hTC`Abh";"1uX4";"S";"WWY3qt";"JOVVD";"trkh8INpc";"KmV MRm"
"S";"qV0Wv";"H";"4U";"2 JZK";"Mm7f";"eVxLX4khJE";"efP";"NTc"
"olc";"";"lB8";"91O6NsXkkh";"PG 9f0qEw";"yAjJrFI5";"U";"g`";"KdWxy6"
"D7Ijyn";"nXmORsNA";"CJJ";"7U8Nqu";"aDEjKN";"FkoZ`I4W";"rCG";"7a";"UDJ"
"TbIA";"";"2Z ";"qomRj1Eka";"KSl4cYV";"jvx";"dSQJmk";"iKtTKy";"XFCMVd"
"QbeEs";"";"9Lg";"jpk";"tj";"cQHj";"BeSWUdlplA";"F0lHBO`";"BnLc"
"GNC";"tGR76hce";"";"X1LZp";"ZmpHxXEHYt";"GU0I";"";"";""
"IZtNBS1WiX";"HH";"HXUOSq9";"eIrP";"Mvnrj";"";"Q";"n5dsJAtb";"ENt4"